T_amb_set,mode,actual_charge,total_charge,P_suc[bar],T_suc[degC],P_dis[bar],T_dis[degC],P_gc_mid[bar],T_gc_mid[degC],P_gc_out[bar],T_gc_out[degC],P_eva_in[bar],T_eva_in[degC],P_eva_out[bar],T_eva_out[degC],W_comp[kW],Q_s1[kW],Q_s2[kW],Q_total[kW],COP,m_dot[kg/s],T_air_in[degC],T_mid[degC],T_air_out[degC],V_air_indoor[kg/min],T_amb[degC],V_air_outdoor[m/s],h_suc[kJ/kg],h_dis[kJ/kg],h_gc_mid[kJ/kg],h_gc_out[kJ/kg],h_eva_in[kJ/kg],h_eva_out[kJ/kg],acc_charge
45,1,192.19875,200,7.221944224526234,38.93160116403777,90.9738179418224,375.5417777672285,9.276474591650674,27.96812741378602,11.72414621641762,-35.69970247059078,90.91834499040812,46.01913060574367,90.9721999654979,375.5407514284357,2.560156617395814,2.631969147285229,1.027010926235371,3.6589800735206,1.429201654562254,0.008198521733011,35,29.00385754977901,28.80333421727198,9,45,3.0,513.3109466726492,822.4587581636582,501.429036831374,376.1612190856281,393.1851105366493,822.4579815085181,7.80125
45,1,222.2222,250,22.22392867511842,33.28884244574004,91.6601868620468,194.3081563600398,27.89847529491358,19.79848899441669,34.2882243096898,-0.5682501459366449,91.21112365319192,50.35834406858015,91.65029727400488,194.3057293493648,3.965757654829303,4.551312580024256,2.347113662824434,6.898426242848688,1.73949768071383,0.0289642286109248,35,21.79773246454999,20.96191656017436,9,45,3.0,493.439984167916,628.9899458472046,471.8543065328684,390.8193963906683,412.8595133978137,628.990912150224,27.7778
45,1,255.9994,300,30.27881571413389,28.3858556896268,92.6976650117898,146.3012023386577,38.74801089726646,15.52793382140891,47.67034982975157,12.36929266529529,91.75231687036003,53.53296927714428,92.67902439301592,146.2940186411355,4.307165168426528,5.626310666298753,2.494486650187977,8.12079731648673,1.885415812705733,0.0457608164922381,35,19.91575146580885,17.71424684348159,9,45,3.0,478.8417793379887,572.0239785119376,449.0735790746139,394.5621686278382,422.9302430096511,572.0246821694234,44.0006
45,1,291.3074,350,35.71409427070373,25.27199175291054,94.45646506272318,122.6913395228249,46.38258719979312,15.39275663795729,57.30876214789121,20.06928622718056,93.02752934401336,55.57043251254476,94.4298789454728,122.6792818889399,4.445908214590527,6.525632624332792,2.303042905431824,8.828675529764617,1.985797975043834,0.0598519011948456,35,22.05786956233243,18.32569969004732,9,45,3.0,467.800113055843,541.3391159041546,432.3094527847019,393.8304260628213,426.6696687131919,541.3397690076772,58.6926
45,1,324.4214,400,39.48781828970704,22.88865120159204,96.7878071909032,109.4231299030564,51.78180940378284,16.13639511246788,64.21664109336919,24.97600102164437,94.95263339422004,56.90997238515388,96.75478148442204,109.4068844967411,4.54601018153402,7.414037693376708,2.033036483858316,9.447074177235024,2.078102291897458,0.0713245203359625,35,24.60522688699132,19.48899179351349,9,45,3.0,458.8380677812272,521.9376870779231,417.9897368014391,389.485703766488,426.8357455349372,521.938338090356,75.5786
45,1,332.233,450,39.77522216400338,22.6119770622667,97.3013051457715,108.7115890722881,52.16801858890067,16.09897823715642,64.68440929513949,25.29186599815938,95.4397442580632,57.08594542650336,97.26786314921976,108.6953174375584,4.568313858231365,7.544527519805428,2.018198722152082,9.562726241957508,2.093272603134966,0.0722394277931423,35,24.81436573869314,19.48549463321644,9,45,3.0,457.9712837670245,520.5774097817489,416.1396013676349,388.2019669786805,426.3859450662746,520.5783806799226,117.767
45,1,332.012,500,39.71413603022229,22.63198019223876,97.35904569551764,108.9980830217675,52.06956116796034,16.02001898126753,64.5468801191207,25.19920722651636,95.50731048957576,57.09331293198358,97.32575574539295,108.9819341274861,4.571342124222009,7.542363353752928,2.028697740470403,9.571061094223332,2.093709207085921,0.0720197934502101,35,24.75125215154412,19.41446373400856,9,45,3.0,458.0998204788656,520.9384997665051,416.2122433802349,388.0436296799899,426.2706261158739,520.93948991897,167.988
45,1,331.786,550,39.65025531412542,22.65307231768612,97.42049665402544,109.2996485052103,51.9666073652376,15.93733004402105,64.40300796729731,25.10208857760006,95.5790212165233,57.10109969342011,97.38736553716544,109.2836281987381,4.574531249728738,7.540123304078642,2.039726875839861,9.5798501799185,2.094170890293201,0.0717903542508065,35,24.68520250721235,19.33993875284113,9,45,3.0,458.2342388274276,521.3177266370809,416.2879718355307,387.8757025672405,426.1480372468474,521.3187375190108,218.214
45,1,331.551,600,39.58211180813098,22.67576670888889,97.48726508989228,109.6235677809439,51.85679151318982,15.84899125207892,64.24947918286487,24.99824098852229,95.65671656604546,57.10950033123402,97.45430321379062,109.6076848188039,4.577958419663394,7.537763739745771,2.051544620980327,9.589308360726095,2.09466916945724,0.0715458783962679,35,24.61468167137849,19.26017432505898,9,45,3.0,458.3776267690279,521.7240967133145,416.3684297104341,387.6938971312472,426.014995591872,521.7251302590673,268.449
45,1,331.37,650,39.52870438787159,22.69357117898528,97.54008627167757,109.8784356918175,51.77077751556953,15.77969816921927,64.1292241887365,24.91674810095373,95.71807544823504,57.11603941791464,97.50725670285613,109.8626604154365,4.580644579711208,7.535886424983556,2.060831584943946,9.596718009927502,2.095058423094799,0.0713546541170164,35,24.55940711967753,19.19758088092522,9,45,3.0,458.4898288454877,522.0433305761146,416.4316291638249,387.5500991438722,425.9095485895047,522.0443824176223,318.63
45,1,331.328,700,39.51711408558696,22.69710627441856,97.55052494737096,109.9321582350349,51.7522500825141,15.76476083812247,64.10344430770404,24.89926051789394,95.73032688616152,57.11713996721874,97.51772351658006,109.916405684382,4.581177851366904,7.535335867041798,2.062817792212225,9.598153659254026,2.095127927938921,0.0713137061969927,35,24.5475401699851,19.18428343420163,9,45,3.0,458.513678541475,522.1110753774353,416.4464525596753,387.5204872408344,425.8878420666485,522.1121310333857,368.672
45,1,346.962,750,34.37357819239708,25.25742667834976,110.7059818030055,146.7692351319309,43.3280893035973,8.506654463503537,51.97154226851411,15.94129645617045,109.6914720867457,58.82771078353068,110.6859814940115,146.7613325821267,5.02386836833512,7.653313120743235,3.224652324328445,10.87796544507168,2.165256859362454,0.0530342014568314,35,18.84441439007406,13.05498747201034,9,45,3.0,469.6642317998034,563.4457831011873,419.136772867992,358.3335131648506,401.8181949216046,563.4457831011877,403.038
45,1,390.523,800,33.17874318742409,25.78075140152845,124.622748418034,166.4170813322701,40.36124769987725,5.697597947519057,47.0641734917127,11.84640489261369,123.9371502088572,59.568925691186,124.6085221431685,166.4109370585608,5.010382870495415,7.35455804147974,3.909644915852073,11.26420295733182,2.24817209552252,0.0450430752111065,35,16.70509738700474,10.72754539223433,9,45,3.0,471.9565979857976,582.0796084273087,418.8012796939659,332.0033668621162,376.2885705010301,582.0780007562639,409.477
45,1,456.093,850,42.75249294062893,27.58404483969264,120.2116951766553,122.2090627766435,45.40273328697862,10.38674176284894,48.12049938189745,12.75434790250136,119.9470354942428,52.50134429126592,120.2062988476003,122.2067219638022,2.171859512473632,3.279817098373777,2.974290777643268,6.254107876017045,2.879609772224149,0.0290541822797825,35,18.52717690443973,14.0677517201961,9,45,3.0,460.5125471022251,524.5248596772204,411.6386298466861,309.2681432502372,349.2786303595371,524.5248596772199,393.907
45,1,504.475,900,42.40678961387945,24.70927473880545,134.7553827028657,130.7860377790568,44.71545606276585,9.771178186187852,47.01509705354289,11.80384981730515,134.546962527322,51.91265110193775,134.7510319850447,130.7843290764588,2.304679085342879,3.308536364166748,3.106176385342636,6.414712749509384,2.783343151897018,0.0270026057172942,35,18.16620829931929,13.52368268679669,9,45,3.0,456.7717893356794,528.3260588335128,405.7994997745199,290.7670315059764,330.0290066074074,528.3260588335128,395.525
50,1,184.6169,200,13.80142308633391,39.47516092544281,91.07803515127,273.5362683982052,17.21461186662111,26.73805434136329,21.28070607621072,-17.42149680278959,90.90853498728136,51.79746100255522,91.07381643369804,273.5356944782164,3.33554246753228,3.552325882414347,1.459052459126251,5.011378341540596,1.502417789706076,0.0158600643549911,35,27.78225710802668,27.46432013767583,9,50,3.0,507.8905536298121,716.098223469296,492.1189379567224,400.1235698126397,418.9941415930976,716.0986907432593,15.3831
50,1,217.6549,250,25.29650787705692,34.87637086506277,91.74074159710544,178.5245912731532,31.93197776597313,22.08256151598584,39.41142768535401,4.765891689402565,91.1305332177786,55.47786199788482,91.7280778781218,178.5206347198911,4.116343833248953,4.85489226572569,2.119789405014429,6.97468167074012,1.694387532548547,0.0342500240775739,35,24.35578322152821,23.32348342131218,9,50,3.0,491.8359058585775,610.8191914085808,469.0706117658424,407.1789938150562,430.2963113578809,610.8198183589008,32.3451
50,1,252.4193,300,32.52462239523923,30.49912452396996,92.9768480540804,140.1901262007405,41.82834725234991,19.1521237764012,51.80417487693341,15.80661369789817,91.84860454843344,58.13415359304412,92.95540237748632,140.1813758366926,4.357741277864981,5.795403215236421,2.055992101449109,7.851395316685529,1.801712129301128,0.0502696361223924,35,23.60902431342617,21.27641908821511,9,50,3.0,478.5499100499599,564.3703813695166,449.0840243900022,408.1847408454914,436.3627597116545,564.370966555428,47.5807
50,1,288.1175,350,37.72327265329233,27.56533091146605,95.05736975142882,119.6673296226021,49.19519029473557,19.27151245831965,61.24401864154864,23.50688769164504,93.428580145472,59.84338844824112,95.02789606633,119.6536087101662,4.473285443570203,6.634794066050041,1.771570908519514,8.406364974569556,1.87923732581221,0.0641597743522833,35,25.48313468748728,21.89173253958717,9,50,3.0,467.9685778424615,536.9923958630573,433.5819002210333,405.9700370808621,438.0708942161784,536.9929491206505,61.8825
50,1,324.1435,400,41.7644517398786,25.59165355293471,97.65752474199849,107.236191308328,55.04235076966606,20.79850372605671,68.87031424533467,30.23240600065139,95.57083389471136,60.99068982574067,97.62090247692016,107.2178531316284,4.566704240882012,7.451858653789514,1.451560360614659,8.903419014404172,1.949637757290927,0.076494848050833,35,28.06522096638975,23.52902976535159,9,50,3.0,459.1362475916505,518.2387533639195,420.8222757360728,401.8463525516767,437.3569155969775,518.2392833315969,75.8565
50,1,360.6636,450,44.70666293514224,24.07002535793731,100.8214149271797,100.1345077683342,59.30095674482022,22.20001353195608,74.37189717977041,34.08015276766929,98.38075332851132,61.89066736463177,100.779332663182,100.1127502205742,4.685600743697809,8.310905354929927,1.20433549431609,9.515240849246018,2.030740852609803,0.0865153325505905,35,29.95875211969923,24.83166910295387,9,50,3.0,451.8189872329005,505.436590026582,409.3737869382385,395.4533007213955,434.8836392151617,505.4371544702941,89.3364
50,1,361.799,500,44.77948899538465,24.02024055480302,100.9067010336716,99.95303608656208,59.40782328312064,22.23951303234833,74.50989327362383,34.1665308835066,98.45649643249276,61.91015022973301,100.8644730580693,99.93144877668033,4.688877928020956,8.335353799640714,1.198090745985892,9.533444545626606,2.033203826581684,0.086789398745401,35,30.00622548982017,24.86636504893334,9,50,3.0,451.6076914628717,505.0933615544245,409.0522099836815,395.2476351933834,434.8045529218829,505.0943248012593,138.201
50,1,361.718,550,44.76744297762111,24.02332093982909,100.9104515261808,99.99450334490882,59.38827649497022,22.22396245478211,74.48116719431022,34.14091535684241,98.462339253687,61.91161324686266,100.8682552160898,99.97293979635282,4.689267115104877,8.33403859994528,1.200335946653541,9.534374546598825,2.033233405682326,0.0867425050014209,35,29.99147973019848,24.85222474774445,9,50,3.0,451.6342767572033,505.1533034889974,409.07539335937,395.2374721852712,434.7983427007067,505.1542689128439,188.282
50,1,361.564,600,44.74394727321454,24.02972469433024,100.9190794173889,100.0773643359361,59.34996297994864,22.19322468371302,74.42464857942714,34.09025393094066,98.4751025132344,61.91488000705573,100.8769456373275,100.0558483001195,4.69009227473776,8.331636679204934,1.204777323206844,9.536414002411778,2.033310528617477,0.0866503325468972,35,29.96233615669036,24.82425630868443,9,50,3.0,451.6867445173255,505.2721286181583,409.1197373426182,395.2158400603453,434.7849732122637,505.2730989340353,238.436
50,1,361.388,650,44.71682642835467,24.03717378122587,100.9293773492006,100.1735099285076,59.3057114558294,22.15765557863693,74.359337727338,34.0315874263535,98.49017996118154,61.91871936706798,100.8873158387332,100.1520511138365,4.691059549733726,8.328899433546209,1.209918019944805,9.538817453491012,2.033403616467084,0.0865438987565753,35,29.92860137172556,24.79188449863722,9,50,3.0,451.747347748319,505.4096973877677,409.1706839713146,395.1902874635495,434.7691257472504,505.4106768080857,288.612
50,1,361.265,700,44.69802563333941,24.04225235063529,100.9361745917732,100.2397139627196,59.27510109232245,22.13312689538889,74.31423859018076,33.99109976182257,98.5002706450408,61.92124286296348,100.8941629017168,100.2182906125304,4.69171031053622,8.326954952132134,1.213461893097372,9.540416845229506,2.033462471841985,0.0864703833759049,35,29.90532336061636,24.7695634521458,9,50,3.0,451.7891869911063,505.5046098456455,409.2062632090508,395.1729971852123,434.7583928213148,505.5055896019525,338.735
50,1,365.297,750,39.79648785183618,27.55210323942191,114.617426398912,134.5924248583264,50.61453092794459,14.83953272742349,61.06480325580203,22.79450575257175,113.2069596712138,64.72907037913586,114.5910777105236,134.5814726074386,5.288109320358196,8.579030276921749,2.693637372421311,11.27266764934306,2.131700947623279,0.0651716310028891,35,23.68955695044929,18.77680075518742,9,50,3.0,464.9551239703289,545.2849875412212,413.6474921324991,372.3160518881711,416.9611709225578,545.2849875410691,384.703
50,1,405.209,800,37.44960436024055,28.92167884547313,133.9202634877101,164.1518032371928,46.35828535023456,11.23106205459368,54.57426674331693,17.99378164596163,132.9726453192058,66.98822867350748,133.9014626876507,164.1454613283552,5.844739167071952,8.834539411190805,3.825765984515074,12.66030539570588,2.166102717984647,0.0551593185221004,35,21.11392042807915,15.77735335292346,9,50,3.0,470.1395341266522,575.0409710993165,414.8769290499008,345.5184582235757,392.3189481717858,575.0409710993166,394.791
50,1,465.429,850,45.09534397072606,30.39103325572319,133.6720580972556,133.4741594269302,49.17519388398941,13.64594973185683,53.19202840501505,16.91345375284919,133.2434394158047,60.19301436251715,133.663586121137,133.4708578394042,3.129693116291437,4.79517044555892,3.357771955193472,8.152942400752393,2.605029342433838,0.0385489083239563,35,21.61464830753562,17.34291069535237,9,50,3.0,461.0397488532374,532.912316213972,408.5204552237362,321.4162517278677,364.8117013979069,532.9123162139722,384.571
50,1,513.982,900,45.03594408181461,28.43039997298888,151.7288692532953,144.027705926081,48.47081644012721,13.05212361941881,51.78092207570073,15.78787526074177,151.4041235315183,59.57043098172658,151.7223025718075,144.0254357434822,3.281042080577467,4.704427238020052,3.577330978981192,8.281758217001245,2.524124352450745,0.0350977618727037,35,21.08564886591705,16.68657905877103,9,50,3.0,458.1543429045645,538.6774617089657,404.6396488397986,302.7148881682825,344.7042544239868,538.6774617089657,386.018
-10,0,199.762097,200,0.1576283898238523,-34.04844395142342,27.6320304708945,406.6875331688863,27.62252010177729,-7.820796687573988,27.61923599995087,-8.47505138547501,0.3422969821837021,-9.422702362132384,0.236696770178756,-10.02771168822659,0.3207923718557949,0.1990559842923541,0.0649072014448176,0.2639631857371718,0.8228474517961125,0.0002823577735646,-10,-9.163098186951345,-6.596631192760242,6,-10,2.5,459.4645741649937,1141.136697739151,436.1588188610024,206.2830813334177,478.8150050458579,478.4565776967767,0.237903
-10,0,249.718606,250,0.1889707613989852,-37.30821982525603,27.85960534001578,438.6827874317628,27.8488427209725,-8.180672284323235,27.84514185192941,-8.185402903121712,0.3909099364139897,-9.380089221821038,0.2798668223986758,-10.02905791221571,0.3152398051620303,0.2234708513429866,0.0440880144564111,0.2675588657993977,0.8487470852923379,0.0002959662642196,-10,-9.340815215542818,-5.999768110403068,6,-10,2.5,456.8702879887611,1095.942729558761,340.8875818642208,191.9246094367689,478.7891931360069,478.4016490266333,0.281394
-10,0,299.657316,300,0.2335165192555782,-40.9680186157733,28.5728777780512,497.7519843911925,28.5605744344942,-7.54493898813007,28.55578346685692,-9.999897671322628,0.4580303561463504,-9.365648199333236,0.3406599299093961,-10.03073182081965,0.3642006769636266,0.3183612501019326,0.0020713171572764,0.3204325672592091,0.8798241945366051,0.0003674451665288,-10,-8.719129323437642,-5.15593707604063,6,-10,2.5,453.9504715526218,1048.65255524716,182.2341638734848,176.5970856208471,478.7175215486185,478.3244183967626,0.342684
-10,0,349.652615,350,0.2369518956911976,-41.18876428461934,29.44961563322788,490.4546559448252,29.43744267812502,-6.1912887764625,29.43324655173411,-10.00000108369613,0.4631155821909736,-9.366849258548823,0.3453208616778482,-10.03084903592008,0.3706807984340085,0.313029360935421,0.0126237678639871,0.3256531287994081,0.8785271051944803,0.0003724302120671,-10,-9.80875140183025,-5.066729687841871,6,-10,2.5,453.77331263487,1050.954937149073,210.4501907752321,176.5545307160732,478.7102255660549,478.3185034158857,0.347385
-10,0,386.4266,400,11.85821086741859,-28.02119077512947,83.8607274875163,149.797660680927,83.76022970023274,38.85674223842125,83.6449453411366,-0.2026630762586592,12.78204144704665,-33.22506268222742,12.51165786621329,-10.11263146651731,1.630535372507787,1.781413704175491,1.546247566848352,3.327661271023844,2.040839669676011,0.0086484048034319,-10,13.9852462254849,40.84225695688849,6,-10,2.5,444.2828492940127,580.6517060772914,374.6699389578139,195.8800231302438,434.1706687646225,461.4510765453205,13.5734
-10,0,422.5444,450,20.78992103675304,-16.71817211710209,91.0000000369544,109.3844521701243,90.84194032538822,47.83342575511216,90.58540077443595,7.494888400272146,21.78012477418923,-16.65037452031368,21.53397774739444,-13.04776029278867,1.42189281139674,1.578768485308312,2.44077246159878,4.019540946907092,2.826894485076308,0.0128437908181793,-10,26.45344325559773,50.00000011604669,6,-10,2.5,438.9969797625565,525.9452426537443,403.0244860283959,212.9892778759821,276.4083174820636,442.1819896604962,27.4556
-10,0,425.2915,500,21.01679781924719,-17.64884377531362,91.0000000000088,106.6790278815945,90.83960728037678,47.91032375190248,90.57485512049236,7.969789108690634,22.00439787118372,-16.30830807768189,21.7640499633353,-16.67407208402119,1.411050478331889,1.550457494293963,2.469083133260132,4.019540627554095,2.848615757748016,0.0130437770999419,-10,26.87595006903905,50.00000000007424,6,-10,2.5,437.2656585981837,522.2637762521829,403.3980916874828,214.1060550065497,270.3216360752435,436.8872525730806,74.7085
-10,0,425.292,550,21.01679781928045,-17.64884377525976,90.99999999986684,106.6790278813276,90.83960728023362,47.91032375190861,90.57485512034732,7.969789108766406,22.00439787121705,-16.30830807763124,21.76404996336868,-16.67407208459531,1.411050521959356,1.550457542227115,2.469083209612647,4.019540751839761,2.848615757753528,0.0130437775032795,-10,26.87595006912409,50.00000000009658,6,-10,2.5,437.2656585981809,522.2637762519195,403.3980916879738,214.1060550067396,270.3216360751052,436.8872525722259,124.708
-10,0,425.292,600,21.01679781923775,-17.64884377532692,90.99999999997308,106.6790278815849,90.8396072803411,47.91032375188093,90.5748551204571,7.96978910866619,22.00439787117394,-16.30830807769678,21.7640499633256,-16.67407208368024,1.411050483179798,1.550457499620651,2.469083141743719,4.019540641364371,2.848615757748333,0.0130437771447547,-10,26.87595006901637,50.00000000005599,6,-10,2.5,437.265658598188,522.2637762521955,403.3980916874959,214.1060550064944,270.3216360755583,436.887252573565,174.708
-10,0,425.292,650,21.01679781923812,-17.64884377532786,90.99999999997796,106.679027881589,90.839607280346,47.91032375187848,90.57485512046208,7.969789108661359,22.00439787117412,-16.30830807769649,21.76404996332583,-16.67407208368411,1.411050483179921,1.550457499621067,2.469083141743615,4.019540641364681,2.848615757748305,0.013043777144755,-10,26.87595006901068,50.00000000005326,6,-10,2.5,437.2656585981866,522.2637762521974,403.3980916874688,214.1060550064798,270.3216360755437,436.8872525735592,224.708
-10,0,425.292,700,21.01679781923892,-17.64884377532618,90.99999999996407,106.6790278815721,90.83960728033206,47.91032375188132,90.57485512044792,7.96978910867864,22.00439787117521,-16.30830807769479,21.76404996332685,-16.67407208371014,1.411050483179569,1.550457499620052,2.469083141743756,4.019540641363808,2.848615757748396,0.0130437771447543,-10,26.87595006902257,50.00000000005724,6,-10,2.5,437.2656585981862,522.2637762521847,403.3980916875281,214.1060550065189,270.3216360755498,436.8872525735226,274.708
-10,0,425.292,750,21.01679781923826,-17.64884377532596,90.99999999994596,106.6790278815549,90.83960728031388,47.91032375187774,90.5748551204297,7.969789108688189,22.00439787117471,-16.30830807769559,21.76404996332631,-16.67407208369002,1.411050484391209,1.550457500951016,2.469083143864588,4.019540644815605,2.848615757748608,0.0130437771559572,-10,26.87595006902887,50.00000000005451,6,-10,2.5,437.265658598188,522.2637762521738,403.398091687569,214.1060550065436,270.3216360755921,436.8872525735509,324.708
-10,0,425.292,800,21.01679781931683,-17.64884377520499,91.00000000031112,106.6790278817221,90.83960728067842,47.91032375208812,90.57485512079178,7.969789108707232,22.00439787125354,-16.30830807757576,21.76404996340529,-16.67407208570756,1.411050504998463,1.550457523595918,2.469083179921044,4.01954070351696,2.848615757748047,0.0130437773464505,-10,26.87595006912204,50.00000000027165,6,-10,2.5,437.2656585981721,522.2637762521406,403.3980916873984,214.1060550065568,270.321636074044,436.8872525706341,374.708
-10,0,425.292,850,21.01679781928876,-17.64884378032076,91.00000000108236,106.6790278743317,90.83960728144952,47.91032375215383,90.57485512155914,7.969789108742932,22.00439787121898,-16.30830807762834,21.76404996338933,-16.67407208481779,1.411050392255943,1.550457399671886,2.4690829827221,4.019540382393986,2.848615757774371,0.0130437763048297,-10,26.87595006924414,50.00000000016001,6,-10,2.5,437.2656585914178,522.2637762414655,403.3980916852386,214.1060550065769,270.3216360661253,436.8872525718767,424.708
-10,0,442.776,900,21.19488697987119,-17.55533693394167,92.20955871304932,104.5374598041221,92.05941639268974,47.09614423723542,91.81315107108564,6.345824967502324,22.13149973844916,-16.11558633513255,21.90535848760986,-16.45904970637213,1.369084594850604,1.577159384450261,2.363894908592584,3.941054293042845,2.878605389225708,0.0127871172101109,-10,25.3060938078608,48.8301893211392,6,-10,2.5,434.9448027472296,518.4248932624774,395.0851788815712,210.2198280952805,264.9247606089323,433.5391439381551,457.224
-20,0,199.690046,200,0.2010229076137772,-39.50169672667548,36.19893336804952,400.1696199940903,36.18951476887989,2.5532580622517,36.18588490055558,1.472153003487051,0.4025388768172979,-19.11547017011446,0.2963884384739255,-20.0308800060883,0.3676228040377437,0.227898098084077,0.06916129741853339,0.2970593955026103,0.8080548655847568,0.0003271151739215928,0,0.6693544623706771,2.874881944281242,6,-20,2.5,455.1441549937599,1129.443912410443,432.7532167391304,221.3252460051563,470.9255053281705,470.3385876352688,0.309954
-20,0,229.613908,230,0.2543138853244677,-43.95231976531596,36.71613662191518,444.574973987511,36.70508591998816,3.644618181316162,36.70043083056105,0.001819876700665191,0.4817610902249824,-19.0658201423449,0.3689626790103714,-20.03294933920338,0.4133050521986025,0.2552404456625236,0.09348282187660663,0.3487232675391302,0.8437430553632833,0.0004000790613352001,0,0.9541842268173468,3.55928015573636,6,-20,2.5,451.6028101079347,1071.437875936068,433.4628596712844,199.8019888308494,470.8571170174461,470.2370547902071,0.386092
-20,0,259.609545,260,0.2573853431733095,-44.13865286358282,37.62809760930754,440.7995652166743,37.61714120089263,3.723515786468283,37.61268650277614,8.98981213595107e-05,0.486240391148181,-19.06523723716944,0.3731177313333023,-20.03305598220584,0.4455747145884628,0.2760143476245518,0.09956592539316143,0.3755802730177133,0.8429119981922738,0.0004299305774107018,0,0.9579216590294095,3.613287222784948,6,-20,2.5,451.4532787039526,1073.285832143598,431.2883513250088,199.7022985422391,470.8514644023854,470.2312474562468,0.390455
-20,0,289.612279,290,0.2554602775211251,-44.0223971225968,37.05495937248404,443.1543939363224,37.04394404463194,2.067985971074506,37.03945274233465,0.000217399636085247,0.4834338065414625,-19.06558121498719,0.3705138067080288,-20.03298924899161,0.4260430460101525,0.3571606755746591,0.002178474502100378,0.3593391500767595,0.8434339051932244,0.0004119134801489214,0,0.8702179759846445,3.579424536722627,6,-20,2.5,451.5465876567363,1072.127947396829,205.0510179272407,199.7623478373161,470.8550232447199,470.2348868161992,0.387721
-20,0,319.609191,320,0.2576347847679195,-44.15413856550717,37.70249051584145,440.500698657234,37.69154165463313,3.035568500762054,37.68742090227183,-1.741140806643671e-06,0.4866041567626784,-19.06521141864218,0.3734551551858736,-20.03306467368637,0.4264132006779731,0.3363009549535478,0.02309947924468332,0.3594004341982311,0.8428454691993695,0.0004113363985716456,0,0.2325296310369254,3.617677850138307,6,-20,2.5,451.4408624122479,1073.432792363521,255.8514741982827,199.6943256335176,470.8509880664172,470.2307758107951,0.390809
-20,0,349.606214,350,0.2597292495514159,-44.28200526466063,38.33256036531958,437.9974226934775,38.32167481990884,3.676183933651316,38.31755599569687,-1.774995780579047e-06,0.4896561188718458,-19.0650130519131,0.3762875678348358,-20.03313729791847,0.43840526351338,0.3568500835369303,0.01241151879621607,0.3692616023331463,0.842283688325007,0.0004219893216794604,0,0.1228456026316849,3.654625383964799,6,-20,2.5,451.3382808390184,1074.679073115827,229.0413633351264,199.6294371119227,470.8469768968269,470.2268168720149,0.393786
-20,0,345.6969,380,14.51842956833207,-28.6597212299952,91.00004914059024,141.6704619065464,90.75618723669649,51.35141497526092,90.37793786129913,17.26118528340709,16.32142377662582,-25.91201665783413,15.8825492444749,-26.75099355741955,2.369058841357804,2.27690995355244,2.750249106319163,5.027159059871604,2.122006837529766,0.01523437943153861,0,27.36888801878143,49.99991097788012,6,-20,2.5,438.0366726640994,567.2376009094119,417.7789397421101,237.2498201492553,288.5877156975163,437.2612373066171,34.3031
-20,0,345.6969,410,14.51843043560354,-28.65971982050556,91.00005330973134,141.6704560525707,90.75619152047246,51.3514084845342,90.37794237440906,17.26117343943326,16.32142391618694,-25.91201639369376,15.88254955648963,-26.75099295493646,2.369059371899993,2.276910636178027,2.750249446024153,5.02716008220218,2.122006793848473,0.01523438147862185,0,27.36888162654714,49.99990342169025,6,-20,2.5,438.0366723874335,567.2375915468218,417.7789056544423,237.2497880211776,288.5876919716719,437.2612334009203,64.3031
-20,0,345.6969,440,14.51843053409743,-28.65971966002246,91.00005377625784,141.6704553867925,90.75619199983657,51.35140775556994,90.37794287948063,17.26117211168531,16.3214239329178,-25.91201636202811,15.88254959264492,-26.7509928851226,2.369060681136524,2.276911913853014,2.750250935074553,5.027162848927567,2.122006789001223,0.01523438974565194,0,27.36888090968142,49.99990257315267,6,-20,2.5,438.0366723564891,567.237590486015,417.7789018304443,237.2497844196531,288.5876892949458,437.2612329031771,94.3031
-20,0,345.697,470,14.51843063144599,-28.65971950147983,91.00005423709608,141.6704547281877,90.75619247340784,51.35140703541811,90.37794337844782,17.26117080011329,16.32142394948697,-25.91201633066845,15.88254962841047,-26.75099281606131,2.369058479352506,2.276909816843416,2.750248348558828,5.027158165402245,2.122006784220975,0.01523437543681267,0,27.36888020157528,49.99990173483928,6,-20,2.5,438.0366723258171,567.2375894369869,417.7788980526691,237.2497808620116,288.5876866548062,437.2612324147812,124.303
-20,0,345.697,500,14.51843073026184,-28.65971934194047,91.00005470479128,141.6704540604974,90.75619295398346,51.35140630443999,90.37794388479641,17.26116946891545,16.32142396632857,-25.91201629879322,15.88254966472795,-26.7509927459343,2.369059078515431,2.276910412088279,2.750249013162101,5.02715942525038,2.122006779333104,0.01523437913708421,0,27.36887948284755,49.9999008839664,6,-20,2.5,438.0366722930746,567.2375883732244,417.7788942183886,237.2497772511391,288.5876839748829,437.2612318976744,154.303
-20,0,345.697,530,14.51843082348497,-28.6597191890209,91.0000551455656,141.6704534295664,90.75619340688803,51.35140561545859,90.37794436199172,17.26116821424785,16.32142398226322,-25.91201626863449,15.88254969902681,-26.75099267970509,2.369060369442051,2.276911671121844,2.750250482709655,5.027162153831499,2.122006774785342,0.01523438729507824,0,27.36887880541894,49.99990008198802,6,-20,2.5,438.0366722649697,567.2375873686417,417.7788906045491,237.2497738478695,288.587681442704,437.261231426572,184.303
-20,0,345.697,560,14.51843091855095,-28.65971903423338,91.00005559494576,141.6704527866079,90.75619386868718,51.35140491288547,90.37794484856357,17.26116693488621,16.32142399852044,-25.91201623786526,15.88254973401496,-26.75099261214493,2.369058316943772,2.276909717116475,2.750248070251672,5.027157787368147,2.122006770121844,0.01523437394993996,0,27.36887811466192,49.99989926417936,6,-20,2.5,438.036672234973,567.2375863448026,417.7788869195171,237.2497703776121,288.5876788661212,437.2612309413977,214.303
-20,0,345.697,590,14.51843101106033,-28.6597188835666,91.00005603204707,141.6704521609268,90.75619431783709,51.35140422960029,90.3779453218023,17.26116569069978,16.32142401439317,-25.91201620782374,15.8825497680946,-26.75099254633903,2.369058285636646,2.276909705173344,2.750248005022772,5.027157710196116,2.122006765589201,0.01523437360626392,0,27.36887744289021,49.99989846881095,6,-20,2.5,438.0366722058322,567.237585348582,417.7788833355798,237.2497670027657,288.5876763555259,437.261230453002,244.303
-20,0,345.697,620,14.51843110193811,-28.65971873611994,91.00005646097055,141.6704515463514,90.75619475857883,51.35140355865695,90.3779457861898,17.26116446933526,16.32142403002281,-25.91201617824228,15.88254980160956,-26.75099248162351,2.369058797437781,2.276910214869907,2.75024857080463,5.027158785674537,2.122006761128759,0.01523437675762929,0,27.36887678339463,49.99989768788242,6,-20,2.5,438.0366721765549,567.2375843702655,417.7788798171144,237.2497636898452,288.5876738942831,437.2612299747458,274.303
-20,0,345.697,650,14.51843119275831,-28.65971858703503,91.00005688961765,141.670450931224,90.75619519904551,51.35140288834674,90.37794625028785,17.2611632488908,16.32142404563497,-25.91201614869394,15.88254983510488,-26.75099241694591,2.369058875225486,2.276910307453904,2.750248632833609,5.027158940287513,2.122006756716432,0.01523437711853001,0,27.36887612443354,49.99989690757167,6,-20,2.5,438.0366721492985,567.2375833914169,417.7788763016185,237.249760379419,288.5876714336817,437.2612295181065,304.303
-20,0,345.697,680,14.51843128260137,-28.65971844128694,91.00005731341909,141.6704503238636,90.75619563448798,51.35140222547375,90.37794670908953,17.26116204221501,16.32142406113282,-25.91201611936191,15.88254986827209,-26.75099235290187,2.3690617821315,2.276913118876421,2.750251979442604,5.027165098319025,2.122006752308489,0.01523439567344686,0,27.36887547287427,49.99989613600928,6,-20,2.5,438.0366721203316,567.2375824246297,417.778872825468,237.2497571063444,288.5876689994665,437.2612290383488,334.303
-20,0,345.697,710,14.51843128260137,-28.65971844128694,91.00005731341909,141.6704503238636,90.75619563448798,51.35140222547375,90.37794670908953,17.26116204221501,16.32142406113282,-25.91201611936191,15.88254986827209,-26.75099235290187,2.3690617821315,2.276913118876421,2.750251979442604,5.027165098319025,2.122006752308489,0.01523439567344686,0,27.36887547287427,49.99989613600928,6,-20,2.5,438.0366721203316,567.2375824246297,417.778872825468,237.2497571063444,288.5876689994665,437.2612290383488,364.303
-20,0,345.697,740,14.51827141163251,-28.65997823092081,90.99928841745562,141.671529290158,90.75540559699935,51.35259900584748,90.37711437952574,17.26334614230922,16.32139838122793,-25.91206472246589,15.88249238977605,-26.7511033408307,2.369112179763955,2.27692971935168,2.750361427198973,5.027291146550653,2.122014816137387,0.01523497150581802,0,27.37005409783751,50.00128936273302,6,-20,2.5,438.036723158438,567.2393083165402,417.7851581409293,237.2556818535172,288.5920440919259,437.2619482249827,394.303
-20,0,345.697,770,14.5184229523946,-28.65973197798453,91.00001724847856,141.6705065506335,90.75615446784063,51.35146459865223,90.37790333847859,17.26127586504322,16.32142272378108,-25.91201865050098,15.88254687384252,-26.75099813497911,2.369061004722653,2.276910711954733,2.750253731571544,5.027164443526277,2.122007172252961,0.01523440379129148,0,27.36893690283733,49.99996874748149,6,-20,2.5,438.0366747795225,567.237672362172,417.7792003964824,237.2500658632566,288.5878969635112,437.2612662829176,424.303
-20,0,345.697,800,14.51847116727055,-28.65965362006344,91.00024895333851,141.6701810910023,90.75639254480186,51.35110382625584,90.3781541617281,17.26061757935514,16.32143049075341,-25.91200395034119,15.88256422679386,-26.75096462740493,2.369044731057847,2.276904671726968,2.750219489236984,5.027124160963952,2.122004745228764,0.01523422330998897,0,27.36858161246539,49.99954875420485,6,-20,2.5,438.0366593976374,567.2371518802807,417.7773057564539,237.248280201624,288.5865780659386,437.2610490856778,454.303
-20,0,355.463,830,14.51847116727055,-28.65965362006344,91.00024895333851,141.6701810910023,90.75639254480186,51.35110382625584,90.3781541617281,17.26061757935514,16.32143049075341,-25.91200395034119,15.88256422679386,-26.75096462740493,2.369044731057847,2.276904671726968,2.750219489236984,5.027124160963952,2.122004745228764,0.01523422330998897,0,27.36858161246539,49.99954875420485,6,-20,2.5,438.0366593976374,567.2371518802807,417.7773057564539,237.248280201624,288.5865780659386,437.2610490856778,474.537
-20,0,383.886,860,15.07898749582577,-28.28710279651847,92.8498642613933,136.435915355003,92.66313448187702,47.49882107327488,92.39092246036073,11.73258561633202,16.49961833394225,-25.57610645416557,16.15376982477827,-26.23053025444807,2.121517855816774,2.225171403605669,2.327688649426177,4.552860053031845,2.146038997762297,0.0135169331088501,0,23.16589415636867,45.2881640593132,6,-20,2.5,437.2302556235156,559.7772811551088,395.1562546480858,222.9508711722928,277.408686636863,435.821732080516,476.114
-20,0,414.773,890,15.46949020767595,-27.55636250748344,94.8401951505711,126.3914980466263,94.68448646392741,45.2844982877549,94.456364101471,9.0095902199688,16.70374206971129,-25.19458246126143,16.40532615710858,-25.75351694701604,1.9147745611394,2.209839918488531,1.990721242983512,4.200561161472043,2.193762778513451,0.01274128073873541,0,19.81365511840607,41.78748625087178,6,-20,2.5,431.1002570063246,545.9075354346135,372.4681486255398,216.2263010590374,268.5009812491185,427.4525404243402,475.227
-20,0,445.578,920,15.84443619082845,-26.82465434428374,98.00399156110876,123.255033039054,97.8783037060269,43.85456574721195,97.69158628829767,6.735535354673971,16.88763618166972,-24.85379618484276,16.63427133968107,-25.32403979745024,1.742689565006979,2.260272042762884,1.599820789853321,3.860092832616204,2.215020339896708,0.01172579594264762,0,15.92425127525564,38.40367457446308,6,-20,2.5,428.7651513329349,539.8939738638967,347.1333242825663,210.6973162129862,265.0655456098205,425.5236372585878,474.422
-20,0,476.866,950,16.41363565758859,-25.73785218449368,102.6691054578457,126.258352467187,102.5796682446482,41.84680137435623,102.4413139642047,4.844332591066348,17.1944040069068,-24.29132876131246,17.00272056192382,-24.64190990728559,1.525742286775591,2.219244915255515,1.14457222891476,3.363817144170275,2.204708602053075,0.01004382786395197,0,11.39379298001671,33.4701819351414,6,-20,2.5,431.2573854921905,541.0402563673209,320.084168179017,206.1263978529531,265.173393279679,428.9876850403723,473.134
-30,0,199.841207,200,0.0926780190811636,-30.54117805410342,14.67437182376832,435.1949373373921,14.66433965657461,-29.17291313173817,14.66155922876287,-29.17860759652399,0.2268380971576404,-29.30876270931831,0.146022370814881,-30.02686037439554,0.1573965208887655,0.1108462374109901,0.0251458016109487,0.1359920390219388,0.864009180470046,0.0001411679901251,-30,-29.62393917877404,-27.9662443284891,6,-30,2.5,462.3123696366157,1131.287768730689,346.0797529988928,167.9529581875353,463.0774057348533,462.6348723787775,0.158793
-30,0,249.811774,250,0.1117660845789031,-34.48517593615551,14.87386148622089,478.6635152994899,14.86253705254038,-28.76902688112895,14.85955927114217,-28.77506561555123,0.2587882666657999,-29.19687010705028,0.1730341465489122,-30.02827952559818,0.184299691618402,0.1417530586374658,0.0226355302242523,0.1643885888617181,0.8919634504982763,0.000176815208033,-30,-29.66866715944033,-27.59377407370826,6,-30,2.5,459.1964782638079,1084.594124773925,282.8923921322305,154.8743869161494,463.117312091319,462.5926493929041,0.188226
-30,0,299.763295,300,0.1434875755315394,-39.06749296359943,15.52832969052929,569.6571759986064,15.51524889935546,-28.59173495166294,15.51111493781478,-27.47449151355326,0.3097290650895095,-29.03810256886135,0.2174937360590672,-30.03018990008189,0.2175032474035815,0.2026352269410343,-0.0020469453367372,0.200588281604297,0.9222312034362484,0.0002265432887755,-30,-29.11235657920673,-27.00022745707622,6,-30,2.5,455.5782763604203,1031.635722809221,137.1699099560794,146.2054693310712,463.1656399351371,462.523437935587,0.236705
-30,0,410.8507,500,9.954358758350995,-38.82533371603017,90.99990408750864,174.7717963024845,90.81471213607976,45.66916689213895,90.59802319339904,-12.41057239626019,11.65132588518231,-35.87603367378324,11.24821075270653,-36.86716587770917,2.414647732291508,2.638331539821672,2.717864627357396,5.356196167179068,2.218210174324692,0.012256655554081,-30,10.62553493627382,50.00039245525073,6,-30,2.5,436.968295421781,606.7606246985655,391.5035728722863,169.7575496308609,239.5085267835256,436.1369908953383,89.1493
-30,0,410.852,550,9.954372053291925,-38.82530682778386,90.99995609861172,174.7716245395384,90.8147653387834,45.66901670002,90.59807797268766,-12.41074421854836,11.6513300112894,-35.87602365964904,11.24821692102409,-36.86715051181895,2.414646448868986,2.638330429437045,2.717842703103361,5.356173132540407,2.218201813789022,0.0122565992081911,-30,10.62527072224918,50.00017968984304,6,-30,2.5,436.9682937931007,606.7604024695753,391.5024516610154,169.7571977828423,239.5082391889028,436.136845997457,139.148
-30,0,410.852,600,9.95437613398446,-38.8252985743616,90.99997205835584,17.9485627267477,90.81478166420092,45.66897060851085,90.59809478192192,-12.41079694675318,11.65133127814173,-35.87602058497674,11.24821881464573,-36.86714579462111,2.414646441390501,2.638330510813573,2.71783640993109,5.356166920744664,2.218199248110317,0.0122565838783568,-30,10.62518964031062,50.0001143951223,6,-30,2.5,436.9682932936784,606.7603342614459,391.5021075811357,169.7570898090669,239.5081509143686,436.136801498752,189.148
-30,0,410.852,650,9.954379456876978,-38.82529185273137,90.9999850367546,17.94856522838921,90.81479494003727,45.66893311221992,90.5981084513024,-12.41083983667488,11.6513323115231,-35.87601807694264,11.2482203581976,-36.86714194948195,2.414648344953587,2.638332663085655,2.717833440152954,5.35616610323861,2.218197160854726,0.0122565811018876,-30,10.62512368529622,50.00006127610295,6,-30,2.5,436.9682928879398,606.7602787284947,391.501827684645,169.7570019816294,239.5080790436008,436.1367651287297,239.148
-30,0,410.852,700,9.954365339382408,-38.82532041917099,90.99993004199328,174.7717112568687,90.81473868410376,45.66909211506874,90.59805052693336,-12.41065800679934,11.65132790601805,-35.87602876917919,11.24821378694436,-36.86715831912129,2.414647161854784,2.638331067762786,2.717853784193657,5.356184851956441,2.218206012278064,0.0122566278329018,-30,10.62540330969603,50.00028653050845,6,-30,2.5,436.9682946021434,606.7605145803129,391.5030144153481,169.7573743219275,239.5083842566678,436.1369209868436,289.148
-30,0,410.852,750,9.954381631028328,-38.82528745438614,90.9999935237423,174.7715008029139,90.8148036215396,45.66890858818988,90.59811739018352,-12.41086788690024,11.65133298814097,-35.87601643477973,11.24822136855821,-36.86713943257473,2.4146510916615,2.638335711449306,2.717833188168187,5.356168899617494,2.218195795704779,0.0122565869088933,-30,10.62508054989434,50.00002653394898,6,-30,2.5,436.9682926229032,606.7602423958033,391.5016446262287,169.7569445420529,239.5080320233208,436.136741298263,339.148
-30,0,410.852,800,9.954383256323789,-38.82528416507083,90.99999984994056,174.7714798076284,90.81481009284715,45.66889029273284,90.59812405345376,-12.41088880736237,11.65133349582349,-35.87601520262575,11.24822212551928,-36.8671375469107,2.414651306498793,2.638335980900098,2.717830936027569,5.356166916927667,2.218194777238468,0.012256581931856,-30,10.62504837700823,50.00000061494313,6,-30,2.5,436.9682924261426,606.7602152450464,391.5015080811184,169.7569017024301,239.5079968938936,436.1367233374606,389.148
-30,0,410.852,850,9.954383288587213,-38.82528409977294,90.99999997543546,174.7714793908631,90.81481022121912,45.668889929729,90.59812418563416,-12.41088922241886,11.65133350591033,-35.87601517814483,11.24822214055341,-36.86713750945921,2.4146514918505,2.638336184108414,2.717831095170745,5.356167279279159,2.218194757030709,0.0122565827523064,-30,10.62504773869432,50.00000010067816,6,-30,2.5,436.9682924222387,606.7602147061273,391.5015053720002,169.7569008524986,239.5079961965302,436.1367229799927,439.148
-30,0,410.852,900,9.954383294268183,-38.82528408827923,90.99999999755416,174.7714793175234,90.8148102438446,45.66888986584888,90.59812420892996,-12.41088929547266,11.65133350768788,-35.87601517383069,11.24822214320202,-36.86713750286125,2.41465149137393,2.638336183708771,2.717831085924277,5.356167269633048,2.21819475347368,0.0122565827286977,-30,10.62504762634245,50.0000000101728,6,-30,2.5,436.9682924215481,606.760214611277,391.5015048951233,169.7569007029036,239.5079960737399,436.1367229169409,489.148
0,0,199.7217,200,0.1947955117561598,-33.60771564638048,36.34802552527849,385.7540152432445,36.3388263523588,2.766487132147972,36.33543303868744,1.629564960720529,0.4049327612146032,0.3985494533749261,0.2874491466177018,-0.027768692789948,0.3488045481985671,0.2174010958116994,0.0617619233851712,0.2791630191968706,0.8003422565406142,0.0003008802859953,0,0.921186160957916,4.16351954733102,6,0,2.5,459.7504024278466,1155.318502633606,432.7683525215093,227.4975978063632,486.7544293207097,486.5382451794099,0.2783
0,0,249.63132,250,0.2633126042671249,-38.90382125275345,37.64417180442813,430.0863316759153,37.63300894330005,4.369609242634056,37.62848524597142,0.0003873624612538,0.5075675161630929,0.3374332496558736,0.3804728665419973,-0.0300868305384938,0.4357002505822467,0.2709893592492666,0.0967304647116495,0.3677198239609162,0.8439743228733858,0.0004155535319369,0,1.444150603733874,5.489543039880118,6,0,2.5,455.5040061338108,1084.592992890412,432.4763859489575,199.701406848734,486.5874896213471,486.430347365485,0.36868
0,0,299.63136,300,0.2632778458811147,-38.90206771412949,37.6339670201159,430.1247453098191,37.62280309067356,2.787802734195566,37.61837332938258,0.000142439419676,0.5075167399279975,0.3374897383795883,0.3804260619000016,-0.0300858143427831,0.463549077911344,0.3880626234710153,0.0031655218770359,0.3912281453480513,0.8439843028290429,0.0004421310077141,0,1.265499945664374,5.488638674464255,6,0,2.5,455.5054298051013,1084.571118241533,206.86153284667,199.7018407603767,486.587593866156,486.4304015621432,0.36864
0,0,349.6259,350,0.2674780516808751,-39.11745084432505,38.8590503636369,425.6871464675945,38.84800900138071,4.20532295236842,38.84386513333996,-2.167896241189737e-06,0.5136498164932465,0.3304362573398407,0.3860808754140373,-0.0302087244529047,0.4344286421888877,0.353387572584664,0.012791711733931,0.366179284318595,0.8428985770219584,0.000412590712274,0,0.1955737470854615,5.598036932454704,6,0,2.5,455.3306860738293,1087.08796407144,230.5791720122524,199.5757796590204,486.5748123699128,486.423853325147,0.3741
0,0,378.8862,400,18.1114023159978,-16.13543343875335,91.20799226563544,125.6345700738335,91.08929588857616,48.02458168706693,90.90808234528772,12.42366628868251,18.99306088099928,-21.13406964104263,18.733540946007,-0.1011915107852132,1.400676243900048,1.509617379893015,1.869961837098282,3.379579216991297,2.412819687425542,0.0104860809775607,0,27.8890709371704,50.39924743440446,6,0,2.5,445.2562643549944,547.1050185854019,403.1410931566882,224.8130942503456,430.0383972923392,462.3875512489943,21.1138
0,0,416.6761,450,26.37059026481928,-7.131943633002436,91.00000063574768,95.1337603127177,90.86162922330033,48.3574406005003,90.6086570661268,16.50426244011248,27.14046636092145,-9.094710679304626,26.93159694142997,-0.2569915449988116,1.076265587328374,1.244559617866963,2.106885426456051,3.351445044323014,3.11395726462122,0.0123798559989719,0,31.44691018960112,50.00000105706688,6,0,2.5,439.9851450274589,505.9378260629045,405.406800664038,235.2202147594033,317.7538640480055,448.3723004728105,33.3239
0,0,431.0616,500,28.74920633655163,-7.024416650211435,91.0000000055324,86.0811497439862,90.84928969585349,48.60790898748746,90.5518664530928,18.91114596104597,29.50508296040812,-6.108353515065971,29.31909840168133,-6.335363406494196,1.020270295252603,1.145411578360991,2.206033450830929,3.35144502919192,3.284859948178884,0.0133760114384903,0,32.9256598416161,49.99999999481452,6,0,2.5,434.7342095107194,492.2041166167865,406.5723433764469,241.6477347982178,288.748378398985,434.4602580372656,68.9384
0,0,431.062,550,28.7492063371434,-7.02441664944314,91.00000001005324,86.08114974766465,90.84928970037504,48.60790898961,90.5518664576144,18.9111459594268,29.50508296099132,-6.108353514351506,29.31909840226748,-6.335363416027235,1.020270427721677,1.145411727114337,2.20603373718982,3.351445464304158,3.284859948149364,0.0133760131747098,0,32.9256598419833,49.99999999703528,6,0,2.5,434.7342095105153,492.2041166183586,406.5723433722036,241.6477347929606,288.7483783884157,434.4602580205917,118.938
0,0,431.062,600,28.74920633635773,-7.024416650419255,91.00000000621512,86.08114974519367,90.84928969653956,48.60790898765725,90.55186645379226,18.91114596017729,29.50508296020726,-6.108353515312047,29.31909840148301,-6.3353634031414,1.020270309563266,1.14541159443791,2.206033481743801,3.351445076181711,3.284859948160522,0.0133760116258311,0,32.92565984128998,49.99999999502711,6,0,2.5,434.7342095108554,492.2041166180514,406.5723433751261,241.6477347957196,288.7483784015881,434.4602580431109,168.938
0,0,431.062,650,28.74920633639702,-7.024416650371052,91.00000000532047,86.08114974417879,90.8492896956432,48.60790898730807,90.55186645289184,18.91114596063824,29.5050829602471,-6.108353515263218,29.31909840152275,-6.335363403051986,1.020270329551063,1.145411616866957,2.206033524987424,3.351445141854382,3.284859948175771,0.0133760118880555,0,32.92565984131187,49.99999999467076,6,0,2.5,434.7342095108377,492.2041166172879,406.5723433762831,241.6477347971478,288.7483784029006,434.4602580431579,218.938
0,0,431.062,700,28.7492063374149,-7.024416649267208,91.0000000105144,86.0811497471779,90.84928970083804,48.6079089890618,90.55186645806438,18.91114596071463,29.50508296126969,-6.108353514010446,29.31909840253955,-6.335363428624362,1.020270214332106,1.145411487601811,2.206033275729504,3.351444763331314,3.284859948131733,0.0133760103772913,0,32.92565984244527,49.99999999604358,6,0,2.5,434.7342095101428,492.2041166171603,406.5723433683602,241.6477347963814,288.748378369002,434.4602579997697,268.938
0,0,431.062,750,28.74920633674469,-7.024416649934096,91.00000000414016,86.08114974228681,90.84928969445772,48.60790898708325,90.55186645168972,18.91114596146462,29.50508296059868,-6.108353514832515,29.31909840187344,-6.335363407256011,1.020270375242598,1.145411668138015,2.206033623850956,3.351445291988971,3.284859948219188,0.0133760124874924,0,32.92565984163275,49.99999999446709,6,0,2.5,434.734209510694,492.2041166154089,406.572343378874,241.6477347996165,288.7483784011273,434.4602580355826,318.938
0,0,431.062,800,28.74920633653701,-7.02441665019694,91.00000000827067,86.0811497469453,90.8492896985974,48.60790898837365,90.55186645585836,18.91114595880845,29.50508296037303,-6.108353515108945,29.31909840165233,-6.335363406785746,1.020270393421869,1.145411688610776,2.206033663032717,3.351445351643493,3.284859948158578,0.0133760127249671,0,32.92565984116317,49.99999999574674,6,0,2.5,434.7342095107765,492.2041166188905,406.5723433720848,241.6477347916058,288.7483783949625,434.4602580368689,368.938
0,0,431.062,850,28.74920633632257,-7.024416650559999,91.0000000069609,86.08114974572953,90.84928969728792,48.60790898782227,90.55186645454629,18.91114595971214,29.50508296016685,-6.108353515361557,29.31909840144397,-6.335363403097972,1.020270267659295,1.145411547409329,2.206033391123068,3.351444938532397,3.284859948159897,0.0133760110763734,0,32.92565984118704,49.99999999516581,6,0,2.5,434.7342095107177,492.2041166181987,406.5723433735941,241.6477347943092,288.748378399651,434.4602580432745,418.938
0,0,464.609,900,28.83828640336558,-6.932122278708049,95.23267105857651,84.37127092717816,95.09319560501751,48.98372860076972,94.81828337292572,16.45834357781138,29.57229805470934,-6.026076319568062,29.39332166135464,-6.245462905071292,1.02709095412043,1.208799633110388,2.142645337360736,3.351444970471124,3.263045942548681,0.0133571871408429,0,31.98026719895348,50.00000000000006,6,0,2.5,428.0529477932392,485.3769757934836,394.8789075726544,234.4674890031671,279.9484760734698,426.846265628672,435.391
25,1,199.661515,200,0.2699235257739539,24.94807090300838,64.44610766190723,1189.187452936283,0.5481500554276841,24.44015013526592,0.8854569833496267,-75.66235389310326,64.44430424165071,25.12998439882466,64.44608629963507,1189.191400890409,0.5577054013954472,0.3348808993594641,0.0627823859628223,0.3976632853222864,0.7130346672764585,0.0003742246266574,25,24.49219213771624,24.48902226715517,9,25,3.0,507.3516154608572,1401.529114750844,506.6631024559883,338.8965219302913,296.4818557443671,1401.529116025831,0.338485
25,1,249.623467,250,0.3026202607958349,24.98081206691535,64.54298085239783,1331.904655754127,0.5951878973653499,24.27487118509811,0.9451302044122618,-75.39715749324131,64.54100465019914,25.19524481753092,64.54295663401912,1331.904064106258,0.3771681457884113,0.226528246039056,0.0504212282543903,0.2769494742934464,0.7342864910145757,0.0002613963691689,25,24.34583762594065,24.34154280082913,9,25,3.0,507.3489849649068,1373.087434938611,506.4792002516293,313.587353992629,276.8929722225435,1373.087434347052,0.376533
25,1,299.592151,300,0.3297065613847023,25.51041624445912,65.4505893508824,1301.200744919338,0.6332907752487921,24.15927881762639,0.9924997838924424,-75.1866402508767,65.44849906490735,25.00024553649678,65.45056270616162,1301.200148315504,0.5670949942785033,0.3408285399175833,0.0821000481551388,0.4229285880727221,0.7457808521318382,0.000400712050021,25,24.24463662069121,24.23947746662554,9,25,3.0,507.771970871651,1356.902903043991,506.3456515222546,301.4602527656743,273.3426639966611,1356.902901949001,0.407849
25,1,349.514394,350,0.4060615343323895,26.7080500857802,72.12335957572081,1238.147616245512,0.738548829192741,23.85726523545662,1.1201705730549,-74.61925285246765,72.12101408249742,25.00000792937226,72.1233269572161,1238.146612247743,0.8116127643373005,0.4885769422879712,0.1329923903004961,0.6215693325884674,0.7658446982361008,0.0005904839409682,25,23.98251305325493,23.97492675207433,9,25,3.0,508.7164371037073,1333.408905122122,505.9910730862674,280.7649812768752,267.5376244587933,1333.408905070868,0.485606
25,1,393.94187,400,5.293732400131771,20.60244747299833,91.00000000134683,391.6132037872587,6.993586857841716,13.90231732312981,9.0139726569072,-42.89739185315769,90.9698555120094,25.42063468833941,90.99890227191467,391.6130318273172,2.223926573391193,2.251690446272152,1.515172462575398,3.76686290884755,1.693789243726506,0.0064734098478312,25,15.93567494747424,15.5167564934124,9,25,3.0,498.7568069419411,838.8692607200545,491.0324175103616,256.971466915209,260.4612450259273,838.8692607201534,6.05813
25,1,430.8689,450,17.10833750622989,18.32287009745801,91.00098585383292,189.8397267119333,18.59038748236297,9.253795932330831,20.44620500757991,-18.74019247926102,90.94371173991328,26.29826120811907,90.99917266776188,189.8391196115484,1.983533009014109,1.709336864672967,2.458716342863221,4.168053207536189,2.101327877375668,0.0112812820695786,25,10.34067758490664,10.00091864797145,9,25,3.0,483.8144902425629,624.1470167366065,472.6272821771451,254.6807466948483,263.2588628481659,624.1470239338456,19.1311
25,1,468.8253,500,26.44490811342238,18.14422128301118,91.00000031134178,130.3823183077797,27.48742641590173,9.711087914996142,28.76729136289294,-7.02065104339664,90.94427067131208,26.22232238853718,90.99838497760068,130.3815808067108,1.243547849824452,1.123600154592537,2.497844069332333,3.621444223924871,2.912187274849213,0.0120859345240442,25,10.16649249183627,10.00000020858687,9,25,3.0,471.8884075648239,553.2363914692254,460.2688056894749,253.5951666454265,263.0143680168118,553.2363914701948,31.1747
25,1,507.1236,550,33.79684554419764,17.6834572885366,90.99999997572084,101.8805180567667,34.61363075842451,9.61562526678756,35.56777492052254,0.8164036764652564,90.94602135048405,26.11583970699968,90.99852694803702,101.8797239629881,0.9257997420095652,0.8481116482640145,2.447386878893397,3.295498527157412,3.55962350994408,0.0125119103091602,25,10.2331754480918,9.99999999453962,9,25,3.0,460.6377263407595,515.6100647219528,447.8257194614939,252.2211460254449,262.6721754527736,515.6100647218061,42.8764
25,1,546.2293999999999,600,39.10757277244822,16.77403251085525,91.0000000051182,85.71840557195799,39.77243800632522,7.655628610348856,40.48910670701032,5.821772429356429,90.9490562642372,25.98667705742002,90.99867071356272,85.71761561427427,0.7463166481160742,0.7325889369155698,2.301518386665572,3.034107323581141,4.065442371197443,0.0125670672754401,25,11.325515217222,10.00000000079717,9,25,3.0,450.348441222375,491.6314637963084,433.3371202665919,250.1982592879904,262.2583082942315,491.631463796336,53.7706
25,1,572.0801,650,41.22999610035568,15.1440050893188,90.99999255957226,78.55545335006745,41.86061267641659,7.135758734797832,42.50965856646341,7.746437003936196,90.94792110087783,25.97752199035136,90.99866742172324,78.5546315247283,0.6922997156826791,0.8489672706269451,2.162108368007812,3.011075638634757,4.349381590696631,0.0129593955880235,25,12.49976800902476,9.999995778951927,9,25,3.0,443.5832086283845,479.8730690691371,414.3632800623473,247.5261499414078,262.229501883839,479.8730691385383,77.9199
25,1,572.08,700,41.22999619845297,15.14400512582182,90.99999273112584,78.55545331156708,41.86061276247453,7.135758816235352,42.50965864031864,7.74643707302886,90.9479212734196,25.97752196474602,90.99866759330205,78.55463148549006,0.6922997294440046,0.8489672842512238,2.162108407565396,3.011075691816619,4.349381581060064,0.0129593958273575,25,12.49976808068169,9.999995866776088,9,25,3.0,443.5832084892538,479.8730688214888,414.3632799732279,247.5261498810096,262.2295017427027,479.8730688896006,127.92
25,1,572.08,750,41.22999616330326,15.144005111252,90.99999271967371,78.55545336718164,41.86061272919384,7.135758784741483,42.50965860921927,7.746437043934974,90.94792126186243,25.97752196758222,90.99866758184926,78.5546315413597,0.6922996390956281,0.8489671700946984,2.162108127512882,3.011075297607581,4.349381579255248,0.0129593941242541,25,12.49976805843698,9.999995850665757,9,25,3.0,443.5832085365556,479.8730689286792,414.3632802800096,247.5261498723161,262.2295017557341,479.8730689972274,177.92
25,1,572.08,800,41.22999614830037,15.14400510440333,90.99999273606892,78.55545340871225,41.8606127139497,7.135758770315817,42.50965859397493,7.746437029673643,90.9479212783144,25.97752196610224,90.9986675982435,78.55463158299203,0.6922997268398009,0.8489672743357034,2.162108402823961,3.011075677159664,4.349381576249606,0.0129593957538963,25,12.4997680504012,9.99999585031844,9,25,3.0,443.5832085556679,479.8730689822802,414.3632805277951,247.5261498557186,262.2295017453415,479.873069051003,227.92
25,1,572.0799999999999,850,41.22999614255416,15.1440051010992,90.9999927651746,78.55545344369887,41.8606127069954,7.135758763734884,42.50965858602082,7.746437022232443,90.94792130755609,25.97752196264788,90.99866762735287,78.55463161801578,0.6922997019939886,0.8489672405147148,2.162108326123283,3.011075566637997,4.349381572699483,0.0129593952754802,25,12.49976804888894,9.999995857192689,9,25,3.0,443.5832085618224,479.873069011225,414.3632807481107,247.5261498355218,262.2295017242437,479.8730690800057,277.92
25,1,572.0799999999999,900,41.22999612407289,15.14400509292386,90.99999277726288,78.55545348811052,41.86061268861168,7.135758746338183,42.50965856799083,7.746437005365123,90.94792131967696,25.97752196185104,90.99866763944192,78.55463166255235,0.6922997084708988,0.8489672450509833,2.162108347782834,3.011075592833817,4.349381569847054,0.0129593953838387,25,12.49976803843566,9.999995854282131,9,25,3.0,443.5832085858127,479.8730690743154,414.3632810089165,247.526149819977,262.2295017175261,479.873069143309,327.92
35,1,249.52874,250,0.4001516836347565,34.04495119409228,80.90785834377138,458.1798929492732,0.7362670346678035,34.29663744172825,1.130880320871258,-74.5716571887218,80.9057387647183,35.00342769422377,80.90782950673157,458.1796515581751,0.6786081247819946,0.4072002374399469,0.0933018172742913,0.5005020547142384,0.7375420901054293,0.0004656852081012,35,34.37279048438188,34.36920791290459,9,35,3.0,514.9709156701329,1389.305912328849,514.8949790285237,314.5411441821936,337.7635353943281,1389.305912455891,0.47126
35,1,299.487948,300,0.4369995630199513,33.30325401339638,84.17410283617872,485.5463097158385,0.7871374512038277,34.15542074713687,1.192105388789754,-74.29956415764097,84.17186275635135,35.00069223598103,84.17407119607006,485.5460443749732,0.8251896988142273,0.4948692397532927,0.1260960946296059,0.6209653343828986,0.7525122226746249,0.0005754281496312,35,34.24930488364515,34.24489649583512,9,35,3.0,514.3046297834313,1374.731460840935,514.7296690092677,295.5952823609913,312.5956031959847,1374.731457602859,0.512052
35,1,329.7115,350,16.9751802898537,28.07847535308997,91.47655994685884,224.9427570482781,21.26368222606925,18.21296625555157,26.08769951473663,-10.48605134403522,91.25860666358663,38.49168048618788,91.4703972620134,224.9431303345031,3.61594979673116,3.896867676028109,3.613039161247603,7.509906837275712,2.076883601665242,0.0211022612162931,35,19.9143446331725,19.32242265569818,9,35,3.0,493.7048659255845,663.344994159798,478.6791123338583,307.4633774789626,322.2988411956513,663.3473849009093,20.2885
35,1,354.9653,400,29.51610992188356,21.29500722872428,92.79671854513036,139.7072825429016,37.85708227175733,8.315562657539203,45.66511243167209,10.61989872871169,92.00012519452376,41.81258003152664,92.77847269865268,139.7004105068795,4.292983202504518,5.739010797909628,5.192912014434892,10.93192281234452,2.546462983122519,0.0459815643312117,35,16.26565259801134,12.9494777953625,9,35,3.0,471.4395241967717,563.8690322462529,439.0579067140566,326.1232536642037,353.957406639221,563.8702692640775,45.0347
35,1,371.7703,450,32.65328689568882,17.65403001016,92.33705994670818,120.689387858254,42.32304393605933,7.571569781148297,51.09610738978636,15.23309286363593,91.25587514648176,42.40276927695736,92.31368259548871,120.6783887390187,4.33592392961852,6.803289025050023,4.825704632003331,11.62899365705335,2.682010534736592,0.0552630997053672,35,18.94037984650629,12.79036174400363,9,35,3.0,462.3714645748056,540.0465264733953,416.9392621085397,329.6168958690172,363.9816768292806,540.0468378154862,78.2297
35,1,371.249,500,32.67762292298754,17.6532434177588,92.25365839097704,120.4873708657168,42.3636509407495,7.609669728197389,51.15544455119788,15.28138842108041,91.16859926093468,42.3871197657736,92.23021508655044,120.4763081246984,4.332982638254816,6.802480306816969,4.814212113900478,11.61669242071745,2.680992145723499,0.0553484697768186,35,18.96999699269173,12.82370954726639,9,35,3.0,462.3331561749888,539.8358013098843,416.9330302983898,329.9529903205404,364.3031235859417,539.8360917922879,128.751
35,1,371.618,550,32.66016694310826,17.65380984944306,92.31283801785872,120.6314592939738,42.33457408550464,7.582390833194949,51.11301330805679,15.24685727310481,91.23054635357336,42.39820472053606,92.28944183592505,120.6204419455279,4.335068637879792,6.802971019236165,4.82243372045087,11.62540473968704,2.681711804538537,0.0552873668966814,35,18.94881020188751,12.79995002160047,9,35,3.0,462.3606393531275,539.9862922354788,416.9388150071048,329.71393903385,364.0745856481319,539.9865975615346,178.382
35,1,372.066,600,32.63906604586776,17.65425935400771,92.38465380330224,120.8057025686322,42.2994436846224,7.54941410268549,51.06176470375354,15.20512111946937,91.30570059173225,42.41157068585318,92.36131450498826,120.7947401380737,4.337592764136522,6.803560098751758,4.83236102883527,11.63592112758703,2.682575741963036,0.0552136272483114,35,18.92320246757561,12.7712222498028,9,35,3.0,462.3935400797256,540.1681231040002,416.9456427522891,329.4244768795461,363.7975466663561,540.1684465640593,227.934
35,1,372.477,650,32.61981330871163,17.65443743953222,92.45034565479924,120.9646119135309,42.26741627059686,7.519332456016286,51.01506880806784,15.16706486385732,91.37442981478463,42.42370829340405,92.42705814997709,120.9536995956559,4.339894332489721,6.804078286752104,4.841404302105399,11.6454825888575,2.683356251712399,0.0551464882036667,35,18.8998503571766,12.74503114684262,9,35,3.0,462.4232431581791,540.3338323746134,416.951936112728,329.160229699345,363.5443542444182,540.3341725466288,277.523
35,1,372.846,700,32.60250928860695,17.65440651951945,92.50950879374425,121.107355759249,42.2386531754767,7.492302500041887,50.97315513923169,15.13288349158245,91.43631551755108,42.43456584757092,92.48626774727168,121.0964884801326,4.34196114481334,6.804525840036156,4.849519763169218,11.65404560320538,2.684051103756798,0.0550862642569378,35,18.87887384873835,12.7215121862119,9,35,3.0,462.4496801366233,540.4825907241992,416.9576806250512,328.9226717424431,363.3165019969749,540.4829460497904,327.154
35,1,373.022,750,32.59421292122319,17.65431793115687,92.53770842773234,121.1754926798371,42.22488821153861,7.479362176926315,50.95312480126725,15.11654069313721,91.46581376452892,42.43970492803771,92.51448955794264,121.1646469141111,4.342943495107895,6.804703744041432,4.853398580678554,11.65810232471999,2.684378080868941,0.0550574806166194,35,18.86884030519656,12.71029756772794,9,35,3.0,462.4622556123807,540.5536250685228,416.9609058261645,328.8094225704356,363.2078188243888,540.5539876731058,376.978
35,1,390.352,800,31.85291496702317,17.4635472864789,95.29470287689492,127.3286014717451,41.00491651479962,6.319777179867629,49.18649773136406,13.65542659567427,94.3347800209486,42.86690323847972,95.27342153481533,127.3188327978051,4.433735335059812,6.813262061904793,5.196154249785233,12.00941631169003,2.708645285325318,0.0525649118001144,35,17.97253283938909,11.7101798844821,9,35,3.0,463.342128919148,546.8464634912391,417.2303026611174,318.378158296368,352.9252542514193,546.8464634917423,409.648
35,1,437.749,850,31.98059733613378,16.69172751210573,102.1345386890819,132.706563814565,39.52539794055699,4.87856247046301,46.2154930404252,11.10572898918224,101.4316387528976,42.78796980099781,102.1183210885402,132.698899494988,4.127994137805824,6.19140322183762,5.651393689227792,11.84279691106541,2.868898674686656,0.0466004997403595,35,16.62313422902702,10.41935549952888,9,35,3.0,462.1502427409442,549.8470318139671,416.9857265418393,295.7124843938959,328.3526845797568,549.8462749981319,412.251
35,1,500.202,900,39.76498606671134,19.31264140372616,103.9003156430942,105.6563037993268,43.72976436863139,8.875841335979771,47.48679414524647,12.21149041696936,103.5262418463615,39.88824044427713,103.891793130473,105.6520092546943,2.352098146113283,3.538760898226139,4.751008413260614,8.289769311486753,3.524414712534491,0.035917377224052,35,18.48824867711886,13.56547729352775,9,35,3.0,453.0713317375148,511.3443897683168,412.8193533729417,280.5433137383131,308.2067736168745,511.3443897683172,399.798
45,1,194.35342,200,5.246192808580056,39.34771478961102,90.9637706027958,431.1025739969243,6.876875336990471,29.13918456346551,8.813012087615881,-43.4923359685919,90.93187372552131,45.32082826015773,90.96274371596908,431.1003786776077,2.202788295439464,2.244357118048325,0.8012943188804807,3.045651436928806,1.382634655919665,0.0059990372086463,35,30.07672559869258,29.93256835788788,9,45,3.0,515.406469575218,878.9248703849285,504.8053175317543,371.2348309667461,388.8618324453332,878.9227970163935,5.64658
45,1,228.2886,250,18.21957539169024,33.56192884057219,91.3674740130576,222.9649479621209,22.75825387158756,20.60553090844411,27.97623686826091,-8.018108010343438,91.10174015210612,46.33725380304674,91.36061453590338,222.9639483067708,3.704827912750289,4.082501340979331,2.34410772100832,6.426609061987651,1.734657914844103,0.022456069071785,35,22.28904684542737,21.67877173892163,9,45,3.0,497.8656104075627,661.1969406549915,479.3974757562661,375.0110974673971,394.3282659049274,661.1980611357869,21.7114
45,1,263.1917,300,26.63984269823312,27.91252281272807,92.18096189266517,162.1111129271159,33.81291589288984,14.16056135534285,41.34815181040265,6.648589786566504,91.5447820606532,47.75285669934141,92.16657535227252,162.1064191198354,4.183171350958402,5.167417479471992,3.100077762171288,8.26749524164328,1.976370210067805,0.0381341936754239,35,17.7646505687357,16.09920634378022,9,45,3.0,482.7187787572908,591.3178925263531,455.8117501006329,374.5178386951014,400.3264277077041,591.3188682730074,36.8083
45,1,298.9083,350,31.88008491855272,22.80413373159769,93.1044564084118,132.1548131752771,41.03707420146616,9.254307821317752,50.13966530683163,14.44864162230323,92.08496762877952,48.84520169090098,93.08314627181124,132.1458699791773,4.353497460560776,6.191232564194491,3.191854616825888,9.38308718102038,2.155298645749466,0.051169489099076,35,17.88032108251161,13.66379687145513,9,45,3.0,470.0386732025464,554.2678215063348,433.2732078566497,370.8951252722073,403.8680080764674,554.2686234044711,51.0917
45,1,319.8654,400,34.29435948600084,20.2052936327695,93.50832567259413,119.5316143686603,44.48416068504218,9.562422043092738,54.54014952130496,17.96737457221559,92.25271634098912,49.33765839208303,93.48301471237896,119.5198205263799,4.398865302953832,6.908267621967116,2.972204062024323,9.88047168399144,2.246140993986954,0.0584011623336345,35,19.88495901076657,13.99146608640592,9,45,3.0,463.2271316318015,537.7954531498857,419.5055536697773,368.6126614179983,405.6094717790876,537.7959966888918,80.1346
45,1,319.85,450,34.2958882350685,20.20404150887265,93.5033352083696,119.5179441017875,44.48682267897813,9.564829265460387,54.5442391225911,17.97054065333447,92.24744646680853,49.33704607535685,93.47801978968592,119.5061459768181,4.398674919192163,6.908036949405147,2.971679274402886,9.879716223808032,2.246066464402986,0.0584071146395121,35,19.88696162625116,13.99362600769336,9,45,3.0,463.2231620461328,537.78065725673,419.5067621663555,368.628041436115,405.6225051183993,537.7811995043141,130.15
45,1,320.088,500,34.26738611632256,20.22417262566416,93.58426751796412,119.753286442003,44.43846615687185,9.521084090088152,54.47123709577602,17.91399597201445,92.3332624537405,49.34636732886457,93.55903046849998,119.7415624418936,4.401726715637616,6.910528499472306,2.981062094016449,9.891590593488754,2.247206887776062,0.0583005310716518,35,19.85099924436417,13.95629879043963,9,45,3.0,463.2928908248683,538.0385126636398,419.5056558877863,368.3729811210213,405.4071812212047,538.039076955974,179.912
45,1,320.345,550,34.23695510518951,20.24553422460917,93.67089224848132,120.0047838626932,44.38687800427432,9.474376600774065,54.39338907750784,17.85363259687398,92.4250828215506,49.35633432450857,93.64573864521849,119.9931390451832,4.404978581332155,6.91316885010129,2.991068336769605,9.904237186870894,2.248418920546863,0.0581869629149934,35,19.81261287322229,13.91645601438779,9,45,3.0,463.3670960796686,538.3139325710284,419.5043487094188,368.0999071141542,405.1763763419899,538.3145207826452,229.655
45,1,320.612,600,34.20555773281353,20.267423126658,93.7604789239438,120.2644755048776,44.33369834733617,9.426185436140656,54.31317733576786,17.79136610575875,92.5200095101268,49.3666299580832,93.73541116312654,120.2529124204394,4.408325797819324,6.915868168401401,3.001379166417793,9.917247334819194,2.249662976299297,0.0580700437451226,35,19.77302077735044,13.87536482481283,9,45,3.0,463.4433850908304,538.5981853695487,419.5029045263641,367.8174058966187,404.937308555574,538.5987986709597,279.388
45,1,320.853,650,34.17741566077489,20.286886741751,93.84086714155644,120.497270591201,44.28608218397579,9.38299877678304,54.24139975725572,17.73558555445362,92.60516396976617,49.3758525039209,93.81587606960304,120.4857807575032,4.411315410148769,6.918252527367702,3.010606679427029,9.928859206794732,2.250770639513143,0.0579654994573326,35,19.73755528821562,13.83857068514322,9,45,3.0,463.5114960659702,538.8529025393484,419.5016920411088,367.5637857414644,404.7224349038233,538.8535386705653,329.147
45,1,320.92,700,34.16944708588456,20.29224174671424,93.86312997733904,120.5623701229926,44.27266006213892,9.370818946066152,54.22122875418906,17.71989968785039,92.62875987204656,49.37837434578916,93.8381603843741,120.55090078866,4.412139437596585,6.91884635717726,3.013200673788644,9.932047030965906,2.251072789389486,0.0579361177493367,35,19.72757378382192,13.82828193565166,9,45,3.0,463.5305653655722,538.9242612655814,419.5022732906197,367.4932538595043,404.6626813676826,538.9249038228994,379.08
45,1,341.732,750,32.45329572888591,21.2351707639105,99.57205237529924,135.636884780008,41.41295223295494,6.710439744296309,49.93778400218163,14.28160388825381,98.60598783778094,50.01957558880389,99.55150366330504,135.627985753562,4.598020148391115,7.033330490833833,3.611350128956051,10.64468061978988,2.315057410854223,0.0518472170954411,35,17.77237983780725,11.6376644918563,9,45,3.0,467.2689515897877,555.0661411386064,419.4112133555633,349.7575206162168,388.9852672680897,555.0661411384007,408.268
45,1,389.92,800,33.53214632632535,22.71958207657542,107.355266192069,140.0333306712369,39.93201056396904,5.278584553911344,45.97718955222752,10.89591172812271,106.7510182130622,49.92924770296952,107.3418366659896,140.0270956056533,3.814546536181058,5.861037595870229,4.029753342802322,9.890790938672552,2.592913953168007,0.0424913224944169,35,16.36803075385211,10.39323244321264,9,45,3.0,467.6129671948058,556.4876091011726,418.5526790542123,323.7155898265987,363.0021248636874,556.4867224073553,410.08
45,1,453.138,850,41.60098253758632,25.50991975167756,110.049491874255,113.3932723363225,44.38156267668711,9.469561849602314,47.21051574191581,11.97310377785595,109.7825286889158,47.80344076819773,110.0436501469138,113.3905146693016,2.017188496444058,3.112166878805528,3.166280153161606,6.278447031967136,3.112474140634309,0.0294872501209244,35,18.06299007763539,13.44842628232726,9,45,3.0,459.276799627313,518.3402530420934,412.7974551873317,305.4195159024886,342.2755093446816,518.3402530420929,396.862
45,1,502.062,900,41.48416031070948,23.26696919030689,122.0528076390557,120.8904586014641,43.8692425053909,9.003445941732707,46.23219868711061,11.12040718920434,121.846763723157,47.30861351870021,122.0481465593738,120.8884385248533,2.096977735476369,3.073348020754274,3.281415808405942,6.354763829160216,3.030439342130931,0.02717306440916,35,17.68145732451148,12.93828627230738,9,45,3.0,456.1240595135209,521.3972040728167,408.2944647395877,287.5345916904599,322.7853407444581,521.3972040728167,397.938
5,0,199.702599,200,0.2135059879280549,-32.82218440870037,41.32917210561705,373.9383037850196,41.32015703438821,8.0329486422321,41.31675373247657,6.618595425077956,0.4358505847210049,5.280907203593131,0.3127170542051092,4.972302193150824,0.3865133171376911,0.2418590227496304,0.0628009047107154,0.3046599274603458,0.7882262109789457,0.000328898534215,5,5.935661492727888,9.538783015054548,6,5,2.5,460.3363328391732,1165.441300351649,430.0807025100066,239.1376055436632,490.7432059617,490.6225162732632,0.297401
5,0,249.619456,250,0.2779905115949032,-37.52460240241881,42.8092893687283,406.4309432544112,42.79863210490253,9.545141301768922,42.79427994116334,5.0005601865671,0.5317332635172978,5.178420396546869,0.3999138125632247,4.970269253737229,0.6802841082327388,0.4253932934963865,0.1370806478454769,0.5624739413418635,0.826822109372912,0.0006310034628618,5,6.413859038489136,10.80092215872543,6,5,2.5,456.5544577795863,1103.413768326716,429.2601090629693,212.0178023032406,490.5539081198695,490.5256988316866,0.380544
5,0,299.618214,300,0.2789605824401104,-37.56889161739204,43.10617252733049,405.5730862644086,43.09554011287657,8.008722494326605,43.09127062385175,5.000156882064688,0.5331416165075885,5.176348204647296,0.4012153063661169,4.970242849916986,0.4714135788207941,0.3860370207646941,0.0036458910289714,0.3896829117936654,0.8266264047133054,0.000436870651122,5,6.218811107243027,10.82612461426032,6,5,2.5,456.5182942502917,1103.959697251474,220.3182354750046,211.9727652091315,490.5506564733877,490.5242562569466,0.381786
5,0,349.613072,350,0.282978856080848,-37.75039617454888,44.34713119062416,402.0657997772808,44.33659992173144,9.428815959970734,44.3324932908834,4.999997463294904,0.5389689625427523,5.167647243436648,0.4066042570286173,4.970134019791089,0.4813108957514004,0.3846648839033879,0.0128121376714639,0.3974770215748519,0.8258217818948996,0.0004443990111968,5,5.191189181183688,10.93072481213937,6,5,2.5,456.3700231026753,1106.206161741018,240.6216887525708,211.7914318243224,490.5370963597927,490.5182833288323,0.386928
5,0,376.5775,400,20.45557830158989,-11.96586205233967,91.0197472509214,116.0876371702544,90.9128616759587,48.03471586608669,90.73971939076432,16.69855996446393,21.19581922041408,-17.55388089234702,20.97554087252582,4.917091361818676,1.194032966091102,1.322784669993814,1.69533827310093,3.018122943094744,2.527671369891196,0.010088678580389,5,30.29331264535085,50.00726697345277,6,5,2.5,445.7132892947199,534.8677541895308,403.7520030578501,235.7083628930799,434.123608284576,464.5684486029148,23.4225
5,0,412.9702,450,29.5227499424983,-2.760392350468351,90.99999999646391,88.76625913681642,90.87071576568934,48.59180816154253,90.61807651232878,21.16124827657609,30.19361873189843,-5.27195991550559,30.00782274251392,4.803626858818461,0.9405625935236076,1.092215571550064,1.925245053826052,3.017460625376115,3.208144408626621,0.0121426046577523,5,33.72349841405372,50.00000000727152,6,5,2.5,439.5576495341434,496.3846694216132,406.4356344052465,247.8827449642735,338.1104158252465,449.5368203049217,37.0298
5,0,432.1233,500,33.39408719151473,-1.55860507242619,91.0000018117064,77.8322331341866,90.8508342806913,48.89244225681512,90.52560943065792,24.66543004326905,34.06612835136984,-0.8124531569490044,33.89988807221381,-0.994594165930266,0.8741166646703508,0.9695820162675204,2.047878408461949,3.017460424729469,3.452011094957699,0.0136922247309947,5,35.55178081220828,49.99999940080602,6,5,2.5,432.3786469276453,478.6313840012066,407.8187852222293,258.2537255846804,299.3341298344241,432.1359072439781,67.8767
5,0,432.123,550,33.39408719524249,-1.558605068256782,91.00000190752615,18.62808706425579,90.8508343775902,48.89244223073035,90.52560953083844,24.66542984956311,34.06612835078586,-0.8124531575926993,33.89988807271347,-0.9945942193068616,0.8741172165522492,0.9695826324516108,2.047879700584615,3.017462333036226,3.452011098623478,0.0136922333493452,5,35.55178074415755,49.99999936893909,6,5,2.5,432.3786469252901,478.6313840315248,407.8187848219172,258.2537249566077,299.3341293207559,432.1359071474537,117.877
5,0,432.123,600,33.39408719555806,-1.558605067903784,91.00000191543216,18.62808706565636,90.8508343855806,48.89244222854183,90.52560953910074,24.66542983351007,34.06612835074505,-0.8124531576376626,33.89988807276101,-0.9945942238041992,0.8741174808000078,0.9695829259019636,2.047880319595161,3.017463245497124,3.45201109893774,0.0136922374863558,5,35.55178073849822,49.99999936627029,6,5,2.5,432.3786469257865,478.631384034714,407.8187847887439,258.2537249045682,299.3341292784285,432.1359071393069,167.877
5,0,432.123,650,33.39408719534323,-1.558605068144118,91.0000019113444,77.83223321463782,90.85083438145956,48.89244222955102,90.52560953485148,24.66542984119991,34.06612835069826,-0.8124531576892196,33.89988807267386,-0.9945942199752836,0.8741170625249569,0.9695824617677304,2.047879339701698,3.017461801469429,3.452011098780349,0.0136922309355073,5,35.55178074114423,49.99999936755091,6,5,2.5,432.3786469252674,478.6313840329278,407.8187848053351,258.2537249295895,299.3341293012176,432.1359071463608,217.877
5,0,432.123,700,33.39408719532573,-1.558605068163672,91.00000191520373,77.83223321816769,90.850834385381,48.89244222796151,90.5256095389377,24.66542983192829,34.06612835046953,-0.8124531579413201,33.89988807249886,-0.9945942196401348,0.874116699412597,0.9695820591836064,2.047878488957028,3.017460548140634,3.452011098939485,0.0136922252463463,5,35.55178073764625,49.999999365706,6,5,2.5,432.3786469253774,478.6313840348696,407.8187847868156,258.2537248997463,299.3341292807486,432.1359071474055,267.877
5,0,432.123,750,33.39408719543441,-1.558605068042141,91.0000019108388,77.83223321407213,90.85083438093788,48.89244223006756,90.52560953428808,24.66542984345085,34.06612835084284,-0.8124531575298873,33.89988807280488,-0.994594221792795,0.8741171699683813,0.9695825809089232,2.047879591419333,3.017462172328256,3.452011098737946,0.0136922326188097,5,35.5517807420988,49.99999936809763,6,5,2.5,432.3786469251859,478.6313840324954,407.8187848091257,258.253724936709,299.3341293037745,432.1359071427851,317.877
5,0,432.123,800,33.39408719536576,-1.558605068118879,91.0000019095744,77.83223321314075,90.85083437967523,48.89244223006,90.52560953300232,24.66542984496272,34.06612835080394,-0.8124531575727475,33.89988807275855,-0.9945942201837852,0.8741167409237507,0.9695821049704691,2.04787858627369,3.017460691244159,3.452011098718189,0.0136922258984755,5,35.55178074249881,49.99999936814964,6,5,2.5,432.3786469253841,478.6313840322463,407.8187848128292,258.2537249417602,299.3341293095705,432.1359071457734,367.877
5,0,432.123,850,33.39408719538047,-1.558605068102452,91.00000190787384,77.83223321152796,90.85083437793496,48.89244223064179,90.5256095311924,24.665429848945,34.06612835090711,-0.8124531574590604,33.89988807283979,-0.9945942204809626,0.8741174956290425,0.9695829420218618,2.047880354410108,3.017463296431969,3.452011098645849,0.0136922377208017,5,35.55178074394689,49.99999936882722,6,5,2.5,432.3786469252112,478.631384031292,407.8187848205116,258.2537249545923,299.3341293182981,432.1359071450365,417.877
5,0,476.79,900,33.34566451257223,-1.612793932168017,95.30047910547832,81.8574966634319,95.17452868431825,49.08087126008776,94.9179087902458,20.03878744810959,33.9359421153299,-0.9561429842271424,33.79051997942027,-1.115894293185363,0.8755235987121176,1.09319479038562,1.924265781198914,3.017460571584533,3.446464008535206,0.0127231538268309,5,33.70889869546005,49.99999999927992,6,5,2.5,432.4097359803006,481.0495452751297,395.1278622345409,243.8866049653745,288.8743015348538,432.1981036306481,423.21
